App,Country,Cost (credits),Beg_Date,End_Date
Total Cost,,128678800,,
Total joox Cost,,1179500,2015-08-01,2022-01-05
Total wynk Cost,,798900,2014-10-01,2022-01-05
Total gaana Cost,,11717200,2014-10-01,2022-01-05
Total soundcloud_app Cost,,19439900,2014-10-01,2022-01-05
Total deezer_app Cost,,20845600,2014-01-01,2022-01-05
Total amazon_app Cost,,10119400,2014-10-01,2022-01-05
Total tidal_app Cost,,13048700,2014-10-01,2022-01-05
Total youtube_music Cost,,19706200,2014-10-01,2022-01-05
Total resso_app Cost,,232800,2019-12-01,2022-01-05
Total apple_music Cost,,11884400,2017-08-01,2022-01-05
Total spotify Cost,,19706200,2014-10-01,2022-01-05
spotify,India,266300,2014-10-01,2022-01-05
spotify,Brazil,266300,2014-10-01,2022-01-05
spotify,Indonesia,266300,2014-10-01,2022-01-05
spotify,Mexico,266300,2014-10-01,2022-01-05
spotify,United States,266300,2014-10-01,2022-01-05
spotify,Egypt,266300,2014-10-01,2022-01-05
spotify,Turkey,266300,2014-10-01,2022-01-05
spotify,Colombia,266300,2014-10-01,2022-01-05
spotify,Pakistan,266300,2014-10-01,2022-01-05
spotify,Philippines,266300,2014-10-01,2022-01-05
spotify,Russian Federation,266300,2014-10-01,2022-01-05
spotify,France,266300,2014-10-01,2022-01-05
spotify,Argentina,266300,2014-10-01,2022-01-05
spotify,Germany,266300,2014-10-01,2022-01-05
spotify,Peru,266300,2014-10-01,2022-01-05
spotify,South Africa,266300,2014-10-01,2022-01-05
spotify,United Kingdom,266300,2014-10-01,2022-01-05
spotify,Viet Nam,266300,2014-10-01,2022-01-05
spotify,Thailand,266300,2014-10-01,2022-01-05
spotify,Japan,266300,2014-10-01,2022-01-05
spotify,Spain,266300,2014-10-01,2022-01-05
spotify,Ukraine,266300,2014-10-01,2022-01-05
spotify,Italy,266300,2014-10-01,2022-01-05
spotify,Malaysia,266300,2014-10-01,2022-01-05
spotify,Chile,266300,2014-10-01,2022-01-05
spotify,Poland,266300,2014-10-01,2022-01-05
spotify,Ecuador,266300,2014-10-01,2022-01-05
spotify,Nigeria,266300,2014-10-01,2022-01-05
spotify,"Korea, Republic of",266300,2014-10-01,2022-01-05
spotify,"Taiwan, Province of China",266300,2014-10-01,2022-01-05
spotify,Saudi Arabia,266300,2014-10-01,2022-01-05
spotify,Canada,266300,2014-10-01,2022-01-05
spotify,Australia,266300,2014-10-01,2022-01-05
spotify,Algeria,266300,2014-10-01,2022-01-05
spotify,Kazakhstan,266300,2014-10-01,2022-01-05
spotify,Romania,266300,2014-10-01,2022-01-05
spotify,Netherlands,266300,2014-10-01,2022-01-05
spotify,Jordan,266300,2014-10-01,2022-01-05
spotify,Portugal,266300,2014-10-01,2022-01-05
spotify,Czech Republic,266300,2014-10-01,2022-01-05
spotify,Venezuela,266300,2014-10-01,2022-01-05
spotify,Belarus,266300,2014-10-01,2022-01-05
spotify,Israel,266300,2014-10-01,2022-01-05
spotify,United Arab Emirates,266300,2014-10-01,2022-01-05
spotify,Hungary,266300,2014-10-01,2022-01-05
spotify,Singapore,266300,2014-10-01,2022-01-05
spotify,Greece,266300,2014-10-01,2022-01-05
spotify,Lebanon,266300,2014-10-01,2022-01-05
spotify,Belgium,266300,2014-10-01,2022-01-05
spotify,Serbia,266300,2014-10-01,2022-01-05
spotify,Uruguay,266300,2014-10-01,2022-01-05
spotify,Tunisia,266300,2014-10-01,2022-01-05
spotify,Sweden,266300,2014-10-01,2022-01-05
spotify,New Zealand,266300,2014-10-01,2022-01-05
spotify,Austria,266300,2014-10-01,2022-01-05
spotify,Finland,266300,2014-10-01,2022-01-05
spotify,Ireland,266300,2014-10-01,2022-01-05
spotify,Bulgaria,266300,2014-10-01,2022-01-05
spotify,Slovakia,266300,2014-10-01,2022-01-05
spotify,Hong Kong,266300,2014-10-01,2022-01-05
spotify,Switzerland,266300,2014-10-01,2022-01-05
spotify,Croatia,266300,2014-10-01,2022-01-05
spotify,Norway,266300,2014-10-01,2022-01-05
spotify,Denmark,266300,2014-10-01,2022-01-05
spotify,Kuwait,266300,2014-10-01,2022-01-05
spotify,Oman,266300,2014-10-01,2022-01-05
spotify,Qatar,266300,2014-10-01,2022-01-05
spotify,Lithuania,266300,2014-10-01,2022-01-05
spotify,Zimbabwe,266300,2014-10-01,2022-01-05
spotify,Slovenia,266300,2014-10-01,2022-01-05
spotify,Latvia,266300,2014-10-01,2022-01-05
spotify,Estonia,266300,2014-10-01,2022-01-05
spotify,Luxembourg,266300,2014-10-01,2022-01-05
spotify,Iceland,266300,2014-10-01,2022-01-05
apple_music,United States,162800,2017-08-01,2022-01-05
apple_music,Russian Federation,162800,2017-08-01,2022-01-05
apple_music,South Africa,162800,2017-08-01,2022-01-05
apple_music,India,162800,2017-08-01,2022-01-05
apple_music,Brazil,162800,2017-08-01,2022-01-05
apple_music,United Kingdom,162800,2017-08-01,2022-01-05
apple_music,Mexico,162800,2017-08-01,2022-01-05
apple_music,France,162800,2017-08-01,2022-01-05
apple_music,Turkey,162800,2017-08-01,2022-01-05
apple_music,Germany,162800,2017-08-01,2022-01-05
apple_music,Nigeria,162800,2017-08-01,2022-01-05
apple_music,Ukraine,162800,2017-08-01,2022-01-05
apple_music,Italy,162800,2017-08-01,2022-01-05
apple_music,Canada,162800,2017-08-01,2022-01-05
apple_music,Japan,162800,2017-08-01,2022-01-05
apple_music,Spain,162800,2017-08-01,2022-01-05
apple_music,Philippines,162800,2017-08-01,2022-01-05
apple_music,Kazakhstan,162800,2017-08-01,2022-01-05
apple_music,Colombia,162800,2017-08-01,2022-01-05
apple_music,Australia,162800,2017-08-01,2022-01-05
apple_music,Indonesia,162800,2017-08-01,2022-01-05
apple_music,Chile,162800,2017-08-01,2022-01-05
apple_music,"Taiwan, Province of China",162800,2017-08-01,2022-01-05
apple_music,Poland,162800,2017-08-01,2022-01-05
apple_music,Peru,162800,2017-08-01,2022-01-05
apple_music,"Korea, Republic of",162800,2017-08-01,2022-01-05
apple_music,Romania,162800,2017-08-01,2022-01-05
apple_music,Algeria,162800,2017-08-01,2022-01-05
apple_music,Argentina,162800,2017-08-01,2022-01-05
apple_music,Egypt,162800,2017-08-01,2022-01-05
apple_music,Thailand,162800,2017-08-01,2022-01-05
apple_music,Israel,162800,2017-08-01,2022-01-05
apple_music,Saudi Arabia,162800,2017-08-01,2022-01-05
apple_music,Malaysia,162800,2017-08-01,2022-01-05
apple_music,Netherlands,162800,2017-08-01,2022-01-05
apple_music,Belgium,162800,2017-08-01,2022-01-05
apple_music,Tunisia,162800,2017-08-01,2022-01-05
apple_music,Czech Republic,162800,2017-08-01,2022-01-05
apple_music,Switzerland,162800,2017-08-01,2022-01-05
apple_music,Viet Nam,162800,2017-08-01,2022-01-05
apple_music,Hungary,162800,2017-08-01,2022-01-05
apple_music,Ecuador,162800,2017-08-01,2022-01-05
apple_music,Belarus,162800,2017-08-01,2022-01-05
apple_music,Austria,162800,2017-08-01,2022-01-05
apple_music,Portugal,162800,2017-08-01,2022-01-05
apple_music,Greece,162800,2017-08-01,2022-01-05
apple_music,United Arab Emirates,162800,2017-08-01,2022-01-05
apple_music,Venezuela,162800,2017-08-01,2022-01-05
apple_music,Bulgaria,162800,2017-08-01,2022-01-05
apple_music,Sweden,162800,2017-08-01,2022-01-05
apple_music,Slovakia,162800,2017-08-01,2022-01-05
apple_music,Hong Kong,162800,2017-08-01,2022-01-05
apple_music,Singapore,162800,2017-08-01,2022-01-05
apple_music,Ireland,162800,2017-08-01,2022-01-05
apple_music,Jordan,162800,2017-08-01,2022-01-05
apple_music,Zimbabwe,162800,2017-08-01,2022-01-05
apple_music,New Zealand,162800,2017-08-01,2022-01-05
apple_music,Serbia,162800,2017-08-01,2022-01-05
apple_music,Lithuania,162800,2017-08-01,2022-01-05
apple_music,Norway,162800,2017-08-01,2022-01-05
apple_music,Croatia,162800,2017-08-01,2022-01-05
apple_music,Croatia,162800,2017-08-01,2022-01-05
apple_music,Denmark,162800,2017-08-01,2022-01-05
apple_music,Uruguay,162800,2017-08-01,2022-01-05
apple_music,Finland,162800,2017-08-01,2022-01-05
apple_music,Oman,162800,2017-08-01,2022-01-05
apple_music,Latvia,162800,2017-08-01,2022-01-05
apple_music,Slovenia,162800,2017-08-01,2022-01-05
apple_music,Qatar,162800,2017-08-01,2022-01-05
apple_music,Kuwait,162800,2017-08-01,2022-01-05
apple_music,Estonia,162800,2017-08-01,2022-01-05
apple_music,Luxembourg,162800,2017-08-01,2022-01-05
apple_music,Iceland,162800,2017-08-01,2022-01-05
resso_app,India,77600,2019-12-01,2022-01-05
resso_app,Indonesia,77600,2019-12-01,2022-01-05
resso_app,Brazil,77600,2019-12-01,2022-01-05
youtube_music,Brazil,266300,2014-10-01,2022-01-05
youtube_music,India,266300,2014-10-01,2022-01-05
youtube_music,United States,266300,2014-10-01,2022-01-05
youtube_music,Indonesia,266300,2014-10-01,2022-01-05
youtube_music,Mexico,266300,2014-10-01,2022-01-05
youtube_music,Turkey,266300,2014-10-01,2022-01-05
youtube_music,Colombia,266300,2014-10-01,2022-01-05
youtube_music,France,266300,2014-10-01,2022-01-05
youtube_music,Russian Federation,266300,2014-10-01,2022-01-05
youtube_music,Argentina,266300,2014-10-01,2022-01-05
youtube_music,Philippines,266300,2014-10-01,2022-01-05
youtube_music,Egypt,266300,2014-10-01,2022-01-05
youtube_music,Germany,266300,2014-10-01,2022-01-05
youtube_music,Thailand,266300,2014-10-01,2022-01-05
youtube_music,South Africa,266300,2014-10-01,2022-01-05
youtube_music,Malaysia,266300,2014-10-01,2022-01-05
youtube_music,United Kingdom,266300,2014-10-01,2022-01-05
youtube_music,Peru,266300,2014-10-01,2022-01-05
youtube_music,Ukraine,266300,2014-10-01,2022-01-05
youtube_music,Chile,266300,2014-10-01,2022-01-05
youtube_music,"Taiwan, Province of China",266300,2014-10-01,2022-01-05
youtube_music,Japan,266300,2014-10-01,2022-01-05
youtube_music,Saudi Arabia,266300,2014-10-01,2022-01-05
youtube_music,"Korea, Republic of",266300,2014-10-01,2022-01-05
youtube_music,Pakistan,266300,2014-10-01,2022-01-05
youtube_music,Italy,266300,2014-10-01,2022-01-05
youtube_music,Poland,266300,2014-10-01,2022-01-05
youtube_music,Spain,266300,2014-10-01,2022-01-05
youtube_music,Canada,266300,2014-10-01,2022-01-05
youtube_music,Ecuador,266300,2014-10-01,2022-01-05
youtube_music,Nigeria,266300,2014-10-01,2022-01-05
youtube_music,Romania,266300,2014-10-01,2022-01-05
youtube_music,Algeria,266300,2014-10-01,2022-01-05
youtube_music,Viet Nam,266300,2014-10-01,2022-01-05
youtube_music,Australia,266300,2014-10-01,2022-01-05
youtube_music,Venezuela,266300,2014-10-01,2022-01-05
youtube_music,Israel,266300,2014-10-01,2022-01-05
youtube_music,Netherlands,266300,2014-10-01,2022-01-05
youtube_music,United Arab Emirates,266300,2014-10-01,2022-01-05
youtube_music,Hungary,266300,2014-10-01,2022-01-05
youtube_music,Czech Republic,266300,2014-10-01,2022-01-05
youtube_music,Kazakhstan,266300,2014-10-01,2022-01-05
youtube_music,Portugal,266300,2014-10-01,2022-01-05
youtube_music,Singapore,266300,2014-10-01,2022-01-05
youtube_music,Belgium,266300,2014-10-01,2022-01-05
youtube_music,Greece,266300,2014-10-01,2022-01-05
youtube_music,Serbia,266300,2014-10-01,2022-01-05
youtube_music,Lebanon,266300,2014-10-01,2022-01-05
youtube_music,Hong Kong,266300,2014-10-01,2022-01-05
youtube_music,Uruguay,266300,2014-10-01,2022-01-05
youtube_music,Tunisia,266300,2014-10-01,2022-01-05
youtube_music,Bulgaria,266300,2014-10-01,2022-01-05
youtube_music,Austria,266300,2014-10-01,2022-01-05
youtube_music,Belarus,266300,2014-10-01,2022-01-05
youtube_music,Kuwait,266300,2014-10-01,2022-01-05
youtube_music,Switzerland,266300,2014-10-01,2022-01-05
youtube_music,Sweden,266300,2014-10-01,2022-01-05
youtube_music,Jordan,266300,2014-10-01,2022-01-05
youtube_music,New Zealand,266300,2014-10-01,2022-01-05
youtube_music,Slovakia,266300,2014-10-01,2022-01-05
youtube_music,Oman,266300,2014-10-01,2022-01-05
youtube_music,Finland,266300,2014-10-01,2022-01-05
youtube_music,Croatia,266300,2014-10-01,2022-01-05
youtube_music,Ireland,266300,2014-10-01,2022-01-05
youtube_music,Qatar,266300,2014-10-01,2022-01-05
youtube_music,Lithuania,266300,2014-10-01,2022-01-05
youtube_music,Denmark,266300,2014-10-01,2022-01-05
youtube_music,Norway,266300,2014-10-01,2022-01-05
youtube_music,Latvia,266300,2014-10-01,2022-01-05
youtube_music,Slovenia,266300,2014-10-01,2022-01-05
youtube_music,Estonia,266300,2014-10-01,2022-01-05
youtube_music,Zimbabwe,266300,2014-10-01,2022-01-05
youtube_music,Luxembourg,266300,2014-10-01,2022-01-05
youtube_music,Iceland,266300,2014-10-01,2022-01-05
tidal_app,United States,266300,2014-10-01,2022-01-05
tidal_app,Poland,266300,2014-10-01,2022-01-05
tidal_app,Mexico,266300,2014-10-01,2022-01-05
tidal_app,Brazil,266300,2014-10-01,2022-01-05
tidal_app,United Kingdom,266300,2014-10-01,2022-01-05
tidal_app,South Africa,266300,2014-10-01,2022-01-05
tidal_app,Argentina,266300,2014-10-01,2022-01-05
tidal_app,Germany,266300,2014-10-01,2022-01-05
tidal_app,Spain,266300,2014-10-01,2022-01-05
tidal_app,Chile,266300,2014-10-01,2022-01-05
tidal_app,Peru,266300,2014-10-01,2022-01-05
tidal_app,Colombia,266300,2014-10-01,2022-01-05
tidal_app,Italy,266300,2014-10-01,2022-01-05
tidal_app,Malaysia,266300,2014-10-01,2022-01-05
tidal_app,France,266300,2014-10-01,2022-01-05
tidal_app,Australia,266300,2014-10-01,2022-01-05
tidal_app,Nigeria,266300,2014-10-01,2022-01-05
tidal_app,Portugal,266300,2014-10-01,2022-01-05
tidal_app,Canada,266300,2014-10-01,2022-01-05
tidal_app,Bulgaria,266300,2014-10-01,2022-01-05
tidal_app,Netherlands,266300,2014-10-01,2022-01-05
tidal_app,Croatia,266300,2014-10-01,2022-01-05
tidal_app,Denmark,266300,2014-10-01,2022-01-05
tidal_app,Romania,266300,2014-10-01,2022-01-05
tidal_app,Switzerland,266300,2014-10-01,2022-01-05
tidal_app,New Zealand,266300,2014-10-01,2022-01-05
tidal_app,Thailand,266300,2014-10-01,2022-01-05
tidal_app,Singapore,266300,2014-10-01,2022-01-05
tidal_app,Sweden,266300,2014-10-01,2022-01-05
tidal_app,Belgium,266300,2014-10-01,2022-01-05
tidal_app,Norway,266300,2014-10-01,2022-01-05
tidal_app,Finland,266300,2014-10-01,2022-01-05
tidal_app,Serbia,266300,2014-10-01,2022-01-05
tidal_app,Hungary,266300,2014-10-01,2022-01-05
tidal_app,Ireland,266300,2014-10-01,2022-01-05
tidal_app,Austria,266300,2014-10-01,2022-01-05
tidal_app,Hong Kong,266300,2014-10-01,2022-01-05
tidal_app,Israel,266300,2014-10-01,2022-01-05
tidal_app,Slovenia,266300,2014-10-01,2022-01-05
tidal_app,Greece,266300,2014-10-01,2022-01-05
tidal_app,Slovakia,266300,2014-10-01,2022-01-05
tidal_app,Turkey,266300,2014-10-01,2022-01-05
tidal_app,Czech Republic,266300,2014-10-01,2022-01-05
tidal_app,United Arab Emirates,266300,2014-10-01,2022-01-05
tidal_app,Lithuania,266300,2014-10-01,2022-01-05
tidal_app,Latvia,266300,2014-10-01,2022-01-05
tidal_app,Estonia,266300,2014-10-01,2022-01-05
tidal_app,Luxembourg,266300,2014-10-01,2022-01-05
tidal_app,Iceland,266300,2014-10-01,2022-01-05
amazon_app,Brazil,266300,2014-10-01,2022-01-05
amazon_app,United States,266300,2014-10-01,2022-01-05
amazon_app,India,266300,2014-10-01,2022-01-05
amazon_app,Mexico,266300,2014-10-01,2022-01-05
amazon_app,France,266300,2014-10-01,2022-01-05
amazon_app,Germany,266300,2014-10-01,2022-01-05
amazon_app,United Kingdom,266300,2014-10-01,2022-01-05
amazon_app,Japan,266300,2014-10-01,2022-01-05
amazon_app,Italy,266300,2014-10-01,2022-01-05
amazon_app,Spain,266300,2014-10-01,2022-01-05
amazon_app,Colombia,266300,2014-10-01,2022-01-05
amazon_app,Canada,266300,2014-10-01,2022-01-05
amazon_app,Argentina,266300,2014-10-01,2022-01-05
amazon_app,Australia,266300,2014-10-01,2022-01-05
amazon_app,Chile,266300,2014-10-01,2022-01-05
amazon_app,Austria,266300,2014-10-01,2022-01-05
amazon_app,Ireland,266300,2014-10-01,2022-01-05
amazon_app,Belgium,266300,2014-10-01,2022-01-05
amazon_app,Peru,266300,2014-10-01,2022-01-05
amazon_app,Ecuador,266300,2014-10-01,2022-01-05
amazon_app,Portugal,266300,2014-10-01,2022-01-05
amazon_app,New Zealand,266300,2014-10-01,2022-01-05
amazon_app,Poland,266300,2014-10-01,2022-01-05
amazon_app,Switzerland,266300,2014-10-01,2022-01-05
amazon_app,Netherlands,266300,2014-10-01,2022-01-05
amazon_app,Uruguay,266300,2014-10-01,2022-01-05
amazon_app,Sweden,266300,2014-10-01,2022-01-05
amazon_app,Luxembourg,266300,2014-10-01,2022-01-05
amazon_app,Greece,266300,2014-10-01,2022-01-05
amazon_app,Hungary,266300,2014-10-01,2022-01-05
amazon_app,Czech Republic,266300,2014-10-01,2022-01-05
amazon_app,Finland,266300,2014-10-01,2022-01-05
amazon_app,Slovakia,266300,2014-10-01,2022-01-05
amazon_app,Bulgaria,266300,2014-10-01,2022-01-05
amazon_app,Lithuania,266300,2014-10-01,2022-01-05
amazon_app,Latvia,266300,2014-10-01,2022-01-05
amazon_app,Iceland,266300,2014-10-01,2022-01-05
amazon_app,Estonia,266300,2014-10-01,2022-01-05
deezer_app,Brazil,293600,2014-01-01,2022-01-05
deezer_app,France,293600,2014-01-01,2022-01-05
deezer_app,Mexico,293600,2014-01-01,2022-01-05
deezer_app,Turkey,293600,2014-01-01,2022-01-05
deezer_app,Germany,293600,2014-01-01,2022-01-05
deezer_app,Colombia,293600,2014-01-01,2022-01-05
deezer_app,United States,293600,2014-01-01,2022-01-05
deezer_app,United Kingdom,293600,2014-01-01,2022-01-05
deezer_app,Egypt,293600,2014-01-01,2022-01-05
deezer_app,South Africa,293600,2014-01-01,2022-01-05
deezer_app,Russian Federation,293600,2014-01-01,2022-01-05
deezer_app,Saudi Arabia,293600,2014-01-01,2022-01-05
deezer_app,Netherlands,293600,2014-01-01,2022-01-05
deezer_app,Canada,293600,2014-01-01,2022-01-05
deezer_app,Spain,293600,2014-01-01,2022-01-05
deezer_app,Algeria,293600,2014-01-01,2022-01-05
deezer_app,Belgium,293600,2014-01-01,2022-01-05
deezer_app,Argentina,293600,2014-01-01,2022-01-05
deezer_app,Nigeria,293600,2014-01-01,2022-01-05
deezer_app,Serbia,293600,2014-01-01,2022-01-05
deezer_app,Italy,293600,2014-01-01,2022-01-05
deezer_app,Ukraine,293600,2014-01-01,2022-01-05
deezer_app,Peru,293600,2014-01-01,2022-01-05
deezer_app,Chile,293600,2014-01-01,2022-01-05
deezer_app,Indonesia,293600,2014-01-01,2022-01-05
deezer_app,Venezuela,293600,2014-01-01,2022-01-05
deezer_app,United Arab Emirates,293600,2014-01-01,2022-01-05
deezer_app,Philippines,293600,2014-01-01,2022-01-05
deezer_app,Croatia,293600,2014-01-01,2022-01-05
deezer_app,Poland,293600,2014-01-01,2022-01-05
deezer_app,Ecuador,293600,2014-01-01,2022-01-05
deezer_app,Austria,293600,2014-01-01,2022-01-05
deezer_app,Australia,293600,2014-01-01,2022-01-05
deezer_app,Bulgaria,293600,2014-01-01,2022-01-05
deezer_app,Tunisia,293600,2014-01-01,2022-01-05
deezer_app,Pakistan,293600,2014-01-01,2022-01-05
deezer_app,Switzerland,293600,2014-01-01,2022-01-05
deezer_app,Kazakhstan,293600,2014-01-01,2022-01-05
deezer_app,Portugal,293600,2014-01-01,2022-01-05
deezer_app,Romania,293600,2014-01-01,2022-01-05
deezer_app,Israel,293600,2014-01-01,2022-01-05
deezer_app,Malaysia,293600,2014-01-01,2022-01-05
deezer_app,Hungary,293600,2014-01-01,2022-01-05
deezer_app,Belarus,293600,2014-01-01,2022-01-05
deezer_app,Slovakia,293600,2014-01-01,2022-01-05
deezer_app,Zimbabwe,293600,2014-01-01,2022-01-05
deezer_app,Jordan,293600,2014-01-01,2022-01-05
deezer_app,Czech Republic,293600,2014-01-01,2022-01-05
deezer_app,Thailand,293600,2014-01-01,2022-01-05
deezer_app,Viet Nam,293600,2014-01-01,2022-01-05
deezer_app,Japan,293600,2014-01-01,2022-01-05
deezer_app,Sweden,293600,2014-01-01,2022-01-05
deezer_app,Ireland,293600,2014-01-01,2022-01-05
deezer_app,Slovenia,293600,2014-01-01,2022-01-05
deezer_app,Finland,293600,2014-01-01,2022-01-05
deezer_app,Greece,293600,2014-01-01,2022-01-05
deezer_app,Lebanon,293600,2014-01-01,2022-01-05
deezer_app,Uruguay,293600,2014-01-01,2022-01-05
deezer_app,Singapore,293600,2014-01-01,2022-01-05
deezer_app,Denmark,293600,2014-01-01,2022-01-05
deezer_app,New Zealand,293600,2014-01-01,2022-01-05
deezer_app,Oman,293600,2014-01-01,2022-01-05
deezer_app,"Korea, Republic of",293600,2014-01-01,2022-01-05
deezer_app,Norway,293600,2014-01-01,2022-01-05
deezer_app,Kuwait,293600,2014-01-01,2022-01-05
deezer_app,Qatar,293600,2014-01-01,2022-01-05
deezer_app,Lithuania,293600,2014-01-01,2022-01-05
deezer_app,Luxembourg,293600,2014-01-01,2022-01-05
deezer_app,Latvia,293600,2014-01-01,2022-01-05
deezer_app,Estonia,293600,2014-01-01,2022-01-05
deezer_app,Iceland,293600,2014-01-01,2022-01-05
soundcloud_app,United States,266300,2014-10-01,2022-01-05
soundcloud_app,Egypt,266300,2014-10-01,2022-01-05
soundcloud_app,Brazil,266300,2014-10-01,2022-01-05
soundcloud_app,Indonesia,266300,2014-10-01,2022-01-05
soundcloud_app,Pakistan,266300,2014-10-01,2022-01-05
soundcloud_app,Viet Nam,266300,2014-10-01,2022-01-05
soundcloud_app,United Kingdom,266300,2014-10-01,2022-01-05
soundcloud_app,Germany,266300,2014-10-01,2022-01-05
soundcloud_app,Ukraine,266300,2014-10-01,2022-01-05
soundcloud_app,France,266300,2014-10-01,2022-01-05
soundcloud_app,India,266300,2014-10-01,2022-01-05
soundcloud_app,Saudi Arabia,266300,2014-10-01,2022-01-05
soundcloud_app,Colombia,266300,2014-10-01,2022-01-05
soundcloud_app,Canada,266300,2014-10-01,2022-01-05
soundcloud_app,Russian Federation,266300,2014-10-01,2022-01-05
soundcloud_app,South Africa,266300,2014-10-01,2022-01-05
soundcloud_app,"Korea, Republic of",266300,2014-10-01,2022-01-05
soundcloud_app,Mexico,266300,2014-10-01,2022-01-05
soundcloud_app,Poland,266300,2014-10-01,2022-01-05
soundcloud_app,Australia,266300,2014-10-01,2022-01-05
soundcloud_app,Spain,266300,2014-10-01,2022-01-05
soundcloud_app,Italy,266300,2014-10-01,2022-01-05
soundcloud_app,Argentina,266300,2014-10-01,2022-01-05
soundcloud_app,Netherlands,266300,2014-10-01,2022-01-05
soundcloud_app,Turkey,266300,2014-10-01,2022-01-05
soundcloud_app,Philippines,266300,2014-10-01,2022-01-05
soundcloud_app,Chile,266300,2014-10-01,2022-01-05
soundcloud_app,Peru,266300,2014-10-01,2022-01-05
soundcloud_app,Israel,266300,2014-10-01,2022-01-05
soundcloud_app,Jordan,266300,2014-10-01,2022-01-05
soundcloud_app,Malaysia,266300,2014-10-01,2022-01-05
soundcloud_app,Belgium,266300,2014-10-01,2022-01-05
soundcloud_app,Nigeria,266300,2014-10-01,2022-01-05
soundcloud_app,United Arab Emirates,266300,2014-10-01,2022-01-05
soundcloud_app,Sweden,266300,2014-10-01,2022-01-05
soundcloud_app,Romania,266300,2014-10-01,2022-01-05
soundcloud_app,Japan,266300,2014-10-01,2022-01-05
soundcloud_app,Thailand,266300,2014-10-01,2022-01-05
soundcloud_app,Ireland,266300,2014-10-01,2022-01-05
soundcloud_app,Hungary,266300,2014-10-01,2022-01-05
soundcloud_app,Portugal,266300,2014-10-01,2022-01-05
soundcloud_app,Finland,266300,2014-10-01,2022-01-05
soundcloud_app,Austria,266300,2014-10-01,2022-01-05
soundcloud_app,Kuwait,266300,2014-10-01,2022-01-05
soundcloud_app,New Zealand,266300,2014-10-01,2022-01-05
soundcloud_app,Switzerland,266300,2014-10-01,2022-01-05
soundcloud_app,Czech Republic,266300,2014-10-01,2022-01-05
soundcloud_app,Tunisia,266300,2014-10-01,2022-01-05
soundcloud_app,Denmark,266300,2014-10-01,2022-01-05
soundcloud_app,Greece,266300,2014-10-01,2022-01-05
soundcloud_app,Algeria,266300,2014-10-01,2022-01-05
soundcloud_app,Ecuador,266300,2014-10-01,2022-01-05
soundcloud_app,Kazakhstan,266300,2014-10-01,2022-01-05
soundcloud_app,Norway,266300,2014-10-01,2022-01-05
soundcloud_app,Lithuania,266300,2014-10-01,2022-01-05
soundcloud_app,Lebanon,266300,2014-10-01,2022-01-05
soundcloud_app,"Taiwan, Province of China",266300,2014-10-01,2022-01-05
soundcloud_app,Belarus,266300,2014-10-01,2022-01-05
soundcloud_app,Singapore,266300,2014-10-01,2022-01-05
soundcloud_app,Oman,266300,2014-10-01,2022-01-05
soundcloud_app,Bulgaria,266300,2014-10-01,2022-01-05
soundcloud_app,Venezuela,266300,2014-10-01,2022-01-05
soundcloud_app,Slovakia,266300,2014-10-01,2022-01-05
soundcloud_app,Serbia,266300,2014-10-01,2022-01-05
soundcloud_app,Estonia,266300,2014-10-01,2022-01-05
soundcloud_app,Croatia,266300,2014-10-01,2022-01-05
soundcloud_app,Latvia,266300,2014-10-01,2022-01-05
soundcloud_app,Qatar,266300,2014-10-01,2022-01-05
soundcloud_app,Uruguay,266300,2014-10-01,2022-01-05
soundcloud_app,Zimbabwe,266300,2014-10-01,2022-01-05
soundcloud_app,Slovenia,266300,2014-10-01,2022-01-05
soundcloud_app,Luxembourg,266300,2014-10-01,2022-01-05
soundcloud_app,Iceland,266300,2014-10-01,2022-01-05
gaana,India,266300,2014-10-01,2022-01-05
gaana,Pakistan,266300,2014-10-01,2022-01-05
gaana,United Arab Emirates,266300,2014-10-01,2022-01-05
gaana,Saudi Arabia,266300,2014-10-01,2022-01-05
gaana,United States,266300,2014-10-01,2022-01-05
gaana,Singapore,266300,2014-10-01,2022-01-05
gaana,Kuwait,266300,2014-10-01,2022-01-05
gaana,South Africa,266300,2014-10-01,2022-01-05
gaana,United Kingdom,266300,2014-10-01,2022-01-05
gaana,Nigeria,266300,2014-10-01,2022-01-05
gaana,Qatar,266300,2014-10-01,2022-01-05
gaana,Malaysia,266300,2014-10-01,2022-01-05
gaana,Canada,266300,2014-10-01,2022-01-05
gaana,Australia,266300,2014-10-01,2022-01-05
gaana,Oman,266300,2014-10-01,2022-01-05
gaana,Netherlands,266300,2014-10-01,2022-01-05
gaana,France,266300,2014-10-01,2022-01-05
gaana,Italy,266300,2014-10-01,2022-01-05
gaana,Switzerland,266300,2014-10-01,2022-01-05
gaana,Hong Kong,266300,2014-10-01,2022-01-05
gaana,Germany,266300,2014-10-01,2022-01-05
gaana,Luxembourg,266300,2014-10-01,2022-01-05
gaana,Zimbabwe,266300,2014-10-01,2022-01-05
gaana,New Zealand,266300,2014-10-01,2022-01-05
gaana,Iceland,266300,2014-10-01,2022-01-05
gaana,Japan,266300,2014-10-01,2022-01-05
gaana,Austria,266300,2014-10-01,2022-01-05
gaana,Ireland,266300,2014-10-01,2022-01-05
gaana,Portugal,266300,2014-10-01,2022-01-05
gaana,Denmark,266300,2014-10-01,2022-01-05
gaana,Norway,266300,2014-10-01,2022-01-05
gaana,Czech Republic,266300,2014-10-01,2022-01-05
gaana,Serbia,266300,2014-10-01,2022-01-05
gaana,Croatia,266300,2014-10-01,2022-01-05
gaana,Romania,266300,2014-10-01,2022-01-05
gaana,Belgium,266300,2014-10-01,2022-01-05
gaana,Greece,266300,2014-10-01,2022-01-05
gaana,Slovakia,266300,2014-10-01,2022-01-05
gaana,Hungary,266300,2014-10-01,2022-01-05
gaana,Finland,266300,2014-10-01,2022-01-05
gaana,Bulgaria,266300,2014-10-01,2022-01-05
gaana,Latvia,266300,2014-10-01,2022-01-05
gaana,Lithuania,266300,2014-10-01,2022-01-05
gaana,"Taiwan, Province of China",266300,2014-10-01,2022-01-05
wynk,India,266300,2014-10-01,2022-01-05
wynk,United Kingdom,266300,2014-10-01,2022-01-05
wynk,Australia,266300,2014-10-01,2022-01-05
joox,Indonesia,235900,2015-08-01,2022-01-05
joox,Thailand,235900,2015-08-01,2022-01-05
joox,Malaysia,235900,2015-08-01,2022-01-05
joox,South Africa,235900,2015-08-01,2022-01-05
joox,Hong Kong,235900,2015-08-01,2022-01-05
